,G,AB,PA,H,1B,2B,3B,HR,R,RBI,BB,IBB,SO,HBP,SF,SH,SB,AVG,OBP,SLG,OPS,ISO,BABIP,wOBA,wRAA,wRC,WAR,Spd,wRC+,WPA,#NAME?,#NAME?,RE24,REW,pLI,WPA/LI,Clutch,BsR,wSB,Off,AVG+,OBP+,SLG+,ISO+,BABIP+,XBH+,MVP
1,120,448,529,133,65,20,0,48,100,105,69,8,135,5,4,0,14,0.297,0.394,0.663,1.056,0.366,0.316,0.44,54.5,115,7.9,4.6,196,5.15,-8.85,13.99,61.54,6.62,1.08,6.33,-1.54,1.3,1.9,57.9,123,128,170,247,109,0.062381853,0
0,117,442,511,148,83,34,0,31,87,100,61,1,106,3,3,0,5,0.335,0.417,0.622,1.039,0.287,0.38,0.441,53.2,112,6.5,3.5,191,4.68,-7.43,12.12,64.63,6.91,1,5.73,-1.05,2.4,0.4,56.8,137,132,156,185,130,0.090019569,0
3,115,438,489,132,72,33,1,26,61,82,42,3,61,5,4,0,3,0.301,0.366,0.559,0.925,0.258,0.299,0.394,32.4,89,6.5,2.5,158,1.84,-8.66,10.5,27.75,2.88,1.01,2.73,-0.9,-1.5,-1.1,32.1,123,116,140,166,102,0.122699387,0
4,122,475,544,154,95,41,2,16,85,78,58,7,81,5,6,0,10,0.324,0.399,0.52,0.919,0.196,0.359,0.393,35.7,98,5.7,4.8,156,1.92,-7.64,9.56,49.94,5.13,0.9,3.11,-0.98,5.5,0.6,41.5,133,127,130,126,123,0.115808824,0
8,114,437,490,131,77,31,1,22,77,76,50,8,96,1,2,0,7,0.3,0.371,0.526,0.898,0.227,0.34,0.382,27.9,84,5.7,4.4,150,4.14,-7.23,11.38,36.12,3.82,0.97,2.9,1.39,3,0.5,31.9,123,118,132,146,116,0.071428571,0
10,104,429,480,118,63,26,2,27,93,62,42,0,77,6,3,0,11,0.275,0.346,0.534,0.88,0.259,0.277,0.377,25.5,81,5.5,6.5,146,3.07,-7.31,10.38,30.69,3.27,0.92,3.2,0.14,3.2,1.3,29,113,110,134,166,95,0.147916667,0
41,124,482,546,131,89,17,4,21,80,84,50,2,103,8,6,0,13,0.272,0.346,0.454,0.801,0.183,0.302,0.347,16.1,79,5.5,5.9,129,3.77,-7.41,11.18,37.92,4.2,0.92,2.96,1.13,3.7,0.8,22.3,111,110,114,117,104,0.034798535,0
44,125,487,532,141,97,27,1,16,80,69,39,0,138,3,3,0,16,0.29,0.344,0.448,0.792,0.158,0.372,0.345,14.8,76,5.1,5.1,119,0.89,-8.62,9.51,18.39,1.69,0.89,1.25,-0.25,3.6,0.2,15.4,119,109,112,102,127,-0.026315789,0
12,117,449,505,126,62,37,4,23,68,100,47,8,51,4,5,0,14,0.281,0.35,0.535,0.885,0.254,0.271,0.373,25.2,83,5,5.6,147,2.03,-8.22,10.25,38.92,4.05,0.99,2.47,-0.42,4.2,0.4,30.6,116,114,137,171,94,0.16039604,0
22,122,497,539,153,101,32,2,18,77,85,32,1,98,2,6,0,20,0.308,0.348,0.489,0.837,0.181,0.349,0.36,21.4,83,4.9,5.8,134,2.71,-8.29,11,25.54,2.7,0.94,2.35,0.54,3.6,2.6,25.4,126,110,122,116,120,0.057513915,0
2,105,365,437,108,59,16,2,31,77,79,62,7,88,4,6,0,1,0.296,0.398,0.605,1.004,0.31,0.306,0.42,38.2,88,4.7,3.4,181,4.23,-5.86,10.08,30.2,3.27,0.93,4.79,-0.22,-1,-0.7,38.6,122,129,155,209,106,0.086956522,0
7,106,424,463,127,69,32,1,25,68,64,31,8,83,7,1,0,2,0.3,0.356,0.557,0.913,0.257,0.322,0.386,28,81,4.6,3.1,151,2.62,-7.07,9.69,31.96,3.32,0.93,2.97,-0.15,0.9,-0.4,27.3,124,115,143,173,111,0.09287257,0
9,109,359,404,111,74,20,2,15,49,59,23,1,82,16,2,4,15,0.309,0.375,0.501,0.876,0.192,0.364,0.38,22.5,69,4.6,5.6,152,3.84,-6.38,10.22,33.18,3.53,1.08,2.03,1.54,2.3,1.7,25.8,128,122,129,130,126,0.00990099,0
6,123,481,535,137,70,34,2,31,71,80,39,1,129,12,3,0,2,0.285,0.351,0.557,0.909,0.272,0.327,0.388,33,94,4.5,3.4,148,1.59,-8.6,10.19,19.91,1.87,0.9,2.65,-0.88,-1.3,-0.1,28.6,117,111,139,175,112,0.01682243,0
17,111,396,432,127,85,34,1,7,54,50,27,0,54,7,2,0,2,0.321,0.373,0.465,0.837,0.144,0.356,0.365,19,69,4.5,3.3,141,0.91,-6.35,7.26,17.03,1.89,0.88,1.17,-0.14,3.2,-0.1,24.2,131,118,116,92,122,0.097222222,0
51,105,380,426,102,64,20,5,13,57,59,32,0,90,10,4,0,15,0.268,0.338,0.45,0.788,0.182,0.317,0.343,11.1,60,4.5,7.3,119,0.17,-7.63,7.8,8.44,0.92,1.02,0.58,-0.41,4.4,2.6,14,110,107,113,117,109,0.011737089,0
16,119,429,506,114,62,33,0,19,74,74,65,1,63,7,5,0,1,0.266,0.368,0.476,0.843,0.21,0.27,0.366,22.6,81,4.3,2.2,143,1.63,-7.66,9.29,25.05,2.75,0.9,2.28,-0.48,-1.5,-0.8,22.8,110,119,122,141,93,0.124505929,0
30,117,433,490,129,88,31,0,10,66,50,44,2,97,8,5,0,7,0.298,0.369,0.439,0.808,0.141,0.36,0.353,16.8,73,4.2,3.8,128,-0.2,-8.83,8.63,6.99,0.77,1,0.51,-0.71,3.7,0.4,18.9,123,120,112,95,124,0.020408163,0
57,113,408,463,104,57,30,1,16,53,53,40,2,95,10,4,0,1,0.255,0.333,0.451,0.784,0.196,0.292,0.34,11,64,4.2,2.6,130,0.16,-8.01,8.17,7.54,0.84,0.95,1.65,-1.48,-2,-0.2,13.3,105,108,116,132,101,0.010799136,0
25,92,340,382,76,32,13,3,28,61,51,34,0,116,7,1,0,6,0.224,0.306,0.526,0.833,0.303,0.244,0.356,13.9,58,4,6.5,137,1.42,-6.37,7.79,9.48,1.02,0.94,1.98,-0.47,4.2,0.9,19.9,92,99,135,204,84,-0.028795812,0
58,117,456,515,116,74,15,1,26,68,62,48,7,79,6,5,0,3,0.254,0.33,0.463,0.793,0.208,0.253,0.339,12,71,3.9,3.4,124,1.15,-7.93,9.08,17.45,1.84,0.95,1.81,-0.6,1.7,0.1,15.3,105,107,119,140,87,0.060194175,0
114,119,452,496,114,81,21,3,9,79,43,39,2,90,3,1,1,24,0.252,0.315,0.372,0.687,0.119,0.297,0.303,-2.9,54,3.9,7.4,97,0.07,-8.04,8.1,-0.24,0.01,0.94,0,0.07,6.5,3.1,4.8,103,100,93,77,102,0.044354839,0
34,114,412,465,107,63,21,1,22,55,82,50,2,74,0,2,0,19,0.26,0.338,0.476,0.814,0.216,0.267,0.352,15.4,69,3.8,5,132,2.36,-7.31,9.66,28.68,3.11,0.93,1.06,1.48,3.1,2.5,20,107,110,122,146,92,0.053763441,0
11,106,399,457,111,64,27,0,20,69,44,49,1,67,8,1,0,12,0.278,0.368,0.496,0.864,0.218,0.291,0.375,23.5,76,3.7,4.7,149,1.43,-6.53,7.97,22.79,2.47,0.87,2.09,-0.44,-2.6,1.5,22.4,115,119,127,147,101,0.107221007,0
13,121,462,524,143,100,29,0,14,68,58,53,2,85,6,3,0,0,0.31,0.385,0.463,0.849,0.154,0.352,0.371,25.2,85,3.6,1.4,145,0.68,-8.93,9.61,13.71,1.51,1,1.55,-0.87,-0.9,-0.7,25.6,128,125,119,104,122,0.049618321,0
64,116,451,519,119,79,24,5,11,74,42,48,0,88,15,3,2,0,0.264,0.352,0.412,0.764,0.149,0.304,0.338,11.6,71,3.6,4.1,123,0.87,-7.73,8.6,8.55,0.82,0.87,1.29,-0.3,-1.2,-1.4,12.8,108,112,103,95,104,0.050096339,0
23,105,385,442,104,64,21,1,18,53,73,46,2,70,7,4,0,1,0.27,0.355,0.47,0.825,0.2,0.286,0.358,16.7,67,3.5,2.5,133,1.2,-6.87,8.07,25.63,2.66,0.93,1.74,-0.44,-0.8,-0.3,16.2,111,113,118,129,98,0.052036199,0
38,111,417,484,116,86,18,0,12,71,45,61,0,64,4,2,0,4,0.278,0.374,0.408,0.782,0.129,0.303,0.348,14.7,70,3.5,2.9,131,1.92,-7.79,9.71,27.38,2.96,1.02,1.81,0.08,-3.2,-1,13.4,115,121,104,87,105,0.076446281,0
79,108,381,410,109,81,18,3,7,38,40,23,3,47,5,1,0,14,0.286,0.334,0.404,0.738,0.118,0.311,0.322,3.9,51,3.5,5.6,106,0.46,-7.23,7.69,7.34,0.72,1.02,0.33,0.13,2,2,5,117,106,101,76,107,0.046341463,0
48,106,413,450,112,71,19,3,19,62,63,29,3,122,7,1,0,23,0.271,0.329,0.47,0.799,0.199,0.341,0.344,12.2,64,3.4,6.7,131,2.44,-7.74,10.18,26.75,3,1.08,1.58,0.69,3.4,1.8,19.2,112,107,120,134,118,-0.042222222,0
81,122,455,537,109,71,23,3,12,72,64,59,3,103,15,5,0,2,0.24,0.343,0.382,0.725,0.143,0.281,0.322,5,67,3.4,4.3,110,0.87,-7.86,8.74,22.43,2.29,0.94,0.86,0.07,5.3,-0.2,11.3,98,109,96,92,96,0.013035382,0
5,119,405,517,102,57,20,2,23,76,50,108,4,73,3,0,0,6,0.252,0.413,0.481,0.894,0.23,0.256,0.391,33.4,93,3.3,4,153,1.43,-7.52,8.95,22.7,2.31,0.91,2.58,-1,-3,-0.3,29,103,131,120,148,88,0.092843327,0
24,95,358,407,97,60,16,3,18,64,54,37,1,73,6,4,0,10,0.271,0.346,0.483,0.829,0.212,0.292,0.358,15.4,62,3.3,6.4,136,1.59,-6.91,8.5,17.27,1.79,1.02,1.48,0.07,4.5,1.2,21.1,112,112,124,143,101,0.068796069,0
27,110,353,400,105,74,18,7,6,60,39,44,0,75,0,3,0,7,0.297,0.373,0.439,0.812,0.142,0.36,0.355,14.4,60,3.3,6.5,131,0.73,-6.17,6.9,11.12,1.16,0.93,1.03,-0.24,3.4,0.1,18,122,118,110,91,123,0.04,0
62,115,403,454,95,51,19,1,24,66,62,41,0,124,7,3,0,2,0.236,0.315,0.467,0.781,0.231,0.275,0.339,10.2,62,3.3,3.7,123,0.16,-8.11,8.27,1.36,0.01,0.95,0.7,-0.53,2.1,-0.4,13.7,97,102,120,156,95,-0.030837004,0
61,122,439,514,100,54,21,2,23,60,71,63,0,164,8,4,0,0,0.228,0.333,0.442,0.775,0.214,0.301,0.339,11.8,71,3.3,2.2,128,1.58,-9.24,10.82,15.13,1.66,1.07,0.79,0.68,-2,-0.5,14,94,108,113,144,104,-0.112840467,0
18,102,379,446,94,51,21,2,20,61,52,42,0,93,23,2,0,4,0.248,0.357,0.472,0.829,0.224,0.276,0.363,18.6,70,3.2,4.3,134,-0.02,-8.78,8.76,7.34,0.81,1.05,1.89,-1.91,-1.9,-0.5,15.9,102,113,118,144,95,0.024663677,0
20,108,356,409,106,77,17,0,12,51,47,45,1,44,4,4,0,0,0.298,0.379,0.447,0.826,0.149,0.309,0.362,16.8,64,3.2,1.3,139,1.04,-6.03,7.07,17.44,1.73,0.9,1.77,-0.61,-5.5,-0.5,12.5,123,123,114,100,107,0.08801956,0
15,120,467,520,132,79,27,0,26,70,75,45,5,84,5,3,0,4,0.283,0.35,0.507,0.857,0.225,0.294,0.367,23.5,83,3,2.7,143,1.37,-7.88,9.25,20.74,2.15,0.92,1.64,-0.14,-4.4,-0.5,20.6,117,113,130,152,102,0.075,0
52,120,428,498,96,48,18,1,29,60,71,58,2,94,6,6,0,0,0.224,0.321,0.474,0.796,0.25,0.215,0.342,12.7,70,3,1.9,118,0.66,-9.17,9.83,10.29,1,1.05,0.93,-0.3,0.6,-1.3,11.2,92,102,119,161,74,0.02811245,0
91,100,398,439,88,46,18,0,24,60,70,36,0,118,1,4,0,5,0.221,0.285,0.447,0.732,0.226,0.246,0.316,2,52,3,3.6,101,0.72,-8.36,9.08,4.32,0.45,1.06,0.31,0.37,0.8,-0.1,1.5,91,90,112,145,84,-0.036446469,0
19,109,413,459,134,104,22,1,7,68,40,43,2,35,2,1,0,4,0.324,0.39,0.433,0.823,0.109,0.341,0.362,19,72,2.9,3.4,141,2.04,-6.45,8.49,24.38,2.57,0.94,1.9,0.27,0.7,-1,21.9,134,126,111,73,118,0.137254902,0
59,108,402,455,120,93,19,5,3,63,32,44,1,42,5,3,1,12,0.299,0.372,0.393,0.765,0.095,0.325,0.339,10.5,63,2.9,6,123,0.18,-8.06,8.23,5.09,0.53,1.08,-0.02,0.18,1.3,0.2,12.9,123,121,101,64,112,0.105494505,0
77,119,471,508,120,71,25,4,20,69,77,29,1,143,4,4,0,20,0.255,0.301,0.452,0.753,0.197,0.321,0.324,5.7,64,2.9,6.9,113,3.12,-8.98,12.1,16.84,1.84,1.08,1.46,1.43,5.7,2.4,13,105,98,116,133,111,-0.049212598,0
14,119,438,505,116,66,18,5,27,67,72,60,12,120,4,3,0,11,0.265,0.356,0.514,0.87,0.249,0.303,0.367,22.9,81,2.8,5.2,141,1.13,-7.54,8.67,22.8,2.4,0.91,2.12,-0.87,0.1,-1.5,23.2,110,116,132,168,105,-0.005940594,0
84,118,464,515,123,82,28,2,11,67,49,38,1,92,6,5,1,25,0.265,0.326,0.405,0.731,0.14,0.306,0.32,3.9,63,2.8,5.9,111,0.05,-9.55,9.61,2.74,0.29,1.05,0.74,-0.69,2.7,1.7,8.8,110,105,104,94,106,0.031067961,0
115,114,379,410,89,52,19,6,12,52,43,21,0,115,5,1,2,28,0.235,0.283,0.412,0.695,0.177,0.304,0.302,-2.7,44,2.8,8.7,98,-0.87,-7.87,7,-4.84,-0.45,0.99,-0.35,-0.53,5.8,2.5,4.8,97,92,105,119,105,-0.063414634,0
21,124,463,531,125,72,23,0,30,71,102,50,14,103,10,8,0,3,0.27,0.348,0.514,0.862,0.244,0.281,0.362,21.6,83,2.7,2.6,139,2.02,-8.05,10.07,28.85,3.22,0.95,2.53,-0.4,-2.7,-0.3,21.4,111,110,129,157,96,0.039548023,0
29,107,431,466,127,86,23,4,14,71,56,25,0,91,10,0,0,17,0.295,0.348,0.464,0.812,0.169,0.347,0.354,16.2,70,2.7,6.3,134,2.8,-6.83,9.62,20.48,2.28,0.9,1.8,1.3,0.4,-0.3,18.8,121,110,116,109,119,0.045064378,0
73,117,440,511,108,68,26,2,12,68,47,63,0,74,4,2,2,5,0.245,0.344,0.395,0.739,0.15,0.27,0.329,7.5,66,2.7,4.2,114,-0.6,-8.28,7.68,0.07,0.08,0.95,0.25,-0.88,0.5,0,9.1,101,109,99,96,92,0.066536204,0
35,109,382,451,105,71,27,0,7,55,46,63,0,48,5,1,0,1,0.275,0.384,0.401,0.784,0.126,0.299,0.351,14.7,66,2.6,1.9,137,0.52,-7.56,8.08,20.38,2.14,0.99,1.75,-1.22,-4.3,-1.6,14.4,114,124,103,85,103,0.090909091,0
98,113,400,449,93,56,18,3,16,54,56,38,0,105,5,4,2,8,0.233,0.304,0.413,0.717,0.18,0.272,0.313,1.1,53,2.6,5.1,98,-0.78,-8.44,7.67,2.63,0.27,0.99,0,-0.78,0.8,-0.8,0,95,96,103,116,93,-0.031180401,0
97,114,384,433,97,65,23,3,6,44,44,41,0,77,5,3,0,9,0.253,0.33,0.375,0.705,0.122,0.299,0.313,1,51,2.6,5.1,104,-0.53,-7.31,6.77,3.63,0.32,0.92,0,-0.58,0.3,0.5,2.2,103,105,94,79,103,-0.002309469,0
47,120,435,490,119,73,31,2,13,53,56,47,3,117,5,3,0,7,0.274,0.349,0.444,0.793,0.17,0.344,0.345,13.4,70,2.5,4,122,-1.39,-9.46,8.07,4.96,0.48,1.04,0.92,-2.25,0.1,-0.3,12.5,112,111,111,109,118,-0.036734694,0
45,118,430,489,131,102,22,3,4,51,49,52,0,72,2,4,1,7,0.305,0.379,0.398,0.777,0.093,0.355,0.345,13.5,70,2.5,4.2,125,0.89,-8.22,9.11,10.19,1.06,1.05,0.87,-0.03,-0.8,-0.4,12.9,126,123,102,63,123,0.016359918,0
76,117,405,462,101,67,19,3,12,50,56,51,0,118,4,2,0,7,0.249,0.338,0.4,0.738,0.151,0.321,0.327,6.1,59,2.5,4.6,96,0.59,-8.4,9,3.36,0.35,1.04,-0.18,0.75,1.7,-0.3,-0.5,102,107,100,97,110,-0.073593074,0
111,122,496,550,117,74,19,4,20,71,63,42,0,88,3,9,0,19,0.236,0.295,0.411,0.706,0.175,0.244,0.306,-1.8,61,2.5,6.2,100,-0.23,-10.02,9.79,6.16,0.64,1.01,0.6,-0.83,6.6,1.7,6.6,98,95,105,118,85,0.047272727,0
118,104,395,438,98,71,18,3,6,44,35,39,0,95,3,1,0,13,0.248,0.32,0.354,0.674,0.106,0.312,0.301,-3.2,47,2.5,5.4,91,-0.01,-7.92,7.91,-4.58,-0.41,1.04,-0.54,0.53,1.4,0.9,-3,102,101,89,68,107,-0.054794521,0
33,111,418,459,110,60,25,2,23,72,73,33,0,102,5,3,0,2,0.263,0.322,0.498,0.82,0.234,0.294,0.353,15.5,68,2.4,4,122,2.67,-6.85,9.52,24.94,2.44,0.93,0.97,1.89,-2.7,-0.8,9,108,102,124,151,101,0.043572985,0
54,97,368,419,99,69,15,1,14,50,39,46,2,87,2,3,0,0,0.269,0.351,0.429,0.78,0.16,0.315,0.341,10.4,58,2.4,1.7,126,0.03,-6.87,6.9,1.32,0.21,0.92,0.69,-0.66,-3.6,-0.5,8.8,111,114,110,108,109,-0.016706444,0
110,100,382,412,95,63,15,1,16,52,44,19,0,104,5,5,0,7,0.249,0.29,0.419,0.708,0.17,0.296,0.307,-1.1,46,2.4,4.6,101,1.15,-6.15,7.3,2.96,0.37,0.89,0.49,0.8,1.5,0.2,1.8,103,94,107,115,102,-0.048543689,0
28,111,396,468,88,40,19,1,28,68,68,53,6,89,17,2,0,6,0.222,0.338,0.487,0.825,0.265,0.214,0.354,16.4,70,2.3,4.1,135,2.81,-7.97,10.78,17.72,1.89,1.07,2.75,-0.12,-1.6,-0.4,16.7,92,109,125,179,74,0.057692308,0
37,125,483,548,119,56,37,0,26,63,83,59,5,130,3,3,0,0,0.246,0.33,0.484,0.815,0.238,0.282,0.349,16.9,80,2.3,1,121,1.91,-8.36,10.27,17.95,1.86,0.89,1.58,0.55,-1.4,-0.5,12.4,101,105,121,153,97,-0.00729927,0
32,122,454,521,111,61,22,2,26,64,60,61,0,128,4,2,0,2,0.244,0.338,0.474,0.811,0.229,0.281,0.353,17.6,77,2.3,3.1,126,1.7,-8.58,10.29,17.46,1.86,0.92,1.97,-0.13,-1.1,-0.5,14.7,100,107,118,147,96,-0.026871401,0
49,97,368,395,97,54,24,1,18,50,59,25,0,110,2,0,0,6,0.264,0.314,0.481,0.795,0.217,0.329,0.343,10.4,56,2.3,4.2,126,1.05,-6.71,7.75,7.59,0.77,0.94,-0.05,1.16,-1.7,-0.3,9.9,109,102,123,147,114,-0.043037975,0
100,119,490,520,127,81,29,0,17,65,64,28,0,128,0,2,0,7,0.259,0.298,0.422,0.721,0.163,0.317,0.313,1.2,61,2.3,3.2,105,0.49,-9.14,9.63,-2.1,-0.23,0.96,-0.52,1.03,-1.5,-1.8,1.2,107,97,108,110,110,-0.032692308,0
104,103,370,415,90,54,24,4,8,47,39,35,0,77,6,4,0,5,0.243,0.316,0.395,0.71,0.151,0.284,0.312,0.6,48,2.3,5.4,103,0.04,-6.63,6.67,0.82,0.2,0.9,-0.03,0.07,3.6,0.2,5.2,100,100,99,97,97,0.014457831,0
39,105,340,397,93,67,16,0,10,54,47,40,1,72,15,2,0,2,0.274,0.373,0.409,0.782,0.135,0.319,0.348,12,58,2.2,2.8,130,2.06,-5.51,7.57,23.93,2.6,0.92,1.31,0.92,-0.1,-0.5,13.7,112,118,102,87,109,0.020151134,0
50,99,362,418,92,61,13,2,16,53,44,49,0,97,4,3,0,3,0.254,0.347,0.434,0.781,0.18,0.302,0.343,10.9,59,2.2,3.6,124,0.64,-7.21,7.85,11.67,1.29,1.03,0.45,0.18,0,-1.1,11.1,105,112,111,121,104,-0.031100478,0
108,113,389,424,105,75,23,0,7,43,44,30,1,64,1,3,1,5,0.27,0.322,0.383,0.705,0.113,0.305,0.309,-0.3,48,2.2,2.7,102,-0.73,-7.12,6.39,-3.6,-0.36,0.93,-0.41,-0.37,-1.1,-1,-0.1,112,104,98,76,106,0.021226415,0
87,115,472,500,134,98,21,7,8,68,51,23,0,76,3,2,0,11,0.284,0.32,0.409,0.729,0.125,0.323,0.318,3.1,60,2.1,6.5,108,-0.76,-9.3,8.54,5.63,0.56,0.97,-0.39,-0.39,1.1,0.5,5.4,117,104,105,84,112,0.056,0
26,122,443,517,122,77,26,3,16,64,62,61,4,77,5,6,0,0,0.275,0.365,0.456,0.821,0.181,0.298,0.356,18.8,78,2,2.7,129,0.09,-9.04,9.13,7.73,0.74,1,1.14,-1.05,-5.4,-1,12.1,113,116,114,116,102,0.061895551,0
55,103,410,461,115,82,19,0,14,44,62,29,3,68,17,4,0,0,0.28,0.35,0.429,0.779,0.149,0.304,0.341,11.2,64,2,1,129,2.81,-7.15,9.96,28.63,3.27,1.03,2.04,0.69,-1.3,-0.5,13.6,116,113,110,100,105,0.019522777,0
63,115,395,451,100,58,25,1,16,58,59,43,1,72,8,5,0,0,0.253,0.335,0.443,0.778,0.19,0.269,0.339,10.1,62,2,2.1,119,2.11,-6.74,8.85,20.46,2.19,0.95,0.26,1.96,-1.4,-0.5,9,104,106,111,122,92,0.062084257,0
90,114,440,472,111,67,21,6,17,62,61,22,1,106,6,4,0,24,0.252,0.294,0.443,0.738,0.191,0.293,0.317,2.6,57,2,8,104,-0.85,-8.98,8.14,-2.67,-0.36,1.01,0.78,-1.63,5,2.8,7.3,104,95,114,129,101,0,0
106,111,415,472,107,79,21,2,5,50,32,46,0,56,6,4,1,3,0.258,0.338,0.354,0.692,0.096,0.285,0.31,-0.1,54,2,3.5,107,-0.74,-7.92,7.18,-3.8,-0.4,1.01,-0.47,-0.27,-0.2,-0.3,3.5,107,109,91,65,99,0.046610169,0
46,117,434,501,92,40,17,1,34,75,71,62,3,156,3,2,0,6,0.212,0.313,0.491,0.804,0.279,0.236,0.345,13.8,71,1.9,4.5,120,1.55,-8.53,10.08,13.45,1.34,0.95,1.6,0.03,-1.5,0.4,10.5,87,99,123,179,81,-0.057884232,0
42,114,429,486,112,71,20,0,21,57,68,41,1,88,12,4,0,0,0.261,0.34,0.455,0.794,0.193,0.281,0.346,13.8,70,1.9,1.6,129,0.1,-8.93,9.03,14.35,1.45,1.05,1.57,-1.47,0.2,-1.3,16.1,108,110,116,130,97,0.020576132,0
53,89,345,400,94,67,17,0,10,55,32,43,2,93,9,3,0,25,0.272,0.365,0.409,0.774,0.136,0.343,0.342,10.2,56,1.9,5,117,0.94,-5.88,6.82,7.71,0.83,0.87,0.84,0.24,4.6,0.5,12.5,112,116,102,88,117,-0.0275,0
69,100,364,430,86,56,15,0,15,52,55,61,1,90,1,4,0,3,0.236,0.344,0.401,0.745,0.165,0.27,0.33,6.8,56,1.9,2.3,118,1.46,-6.61,8.07,11.75,1.24,0.94,0.86,0.69,0.4,-1.1,9.3,98,112,103,111,93,-0.018604651,0
75,117,437,511,112,80,19,4,9,78,39,67,4,121,4,2,1,16,0.256,0.359,0.38,0.739,0.124,0.333,0.328,7.4,66,1.9,6.9,110,1.05,-7.6,8.65,15.28,1.5,0.96,0.11,0.98,5,2.2,10.9,105,114,95,79,114,-0.021526419,0
43,107,395,448,101,64,14,3,20,56,46,44,3,104,7,2,0,5,0.256,0.339,0.458,0.798,0.203,0.297,0.346,12.6,64,1.8,4.4,122,2.14,-7.86,10,11.96,1.22,1.03,1.6,0.48,-1.1,-0.7,10.4,105,108,115,130,102,-0.024553571,0
68,111,439,480,124,84,27,2,11,60,58,34,0,80,2,5,0,0,0.282,0.333,0.428,0.762,0.146,0.32,0.332,8.2,63,1.8,2.4,99,-1.65,-10.51,8.86,-6.26,-0.75,1.08,-0.75,-0.77,-2.2,-0.5,-2.6,116,106,107,94,110,0.041666667,0
93,104,364,399,95,64,18,2,11,55,49,20,0,61,9,5,1,16,0.261,0.312,0.412,0.724,0.151,0.283,0.316,1.7,47,1.8,6.6,104,1.3,-6.87,8.17,7.78,0.77,0.99,0.66,0.65,2.1,2,4,107,99,103,97,97,0.062656642,0
112,100,344,396,79,53,16,1,9,46,42,43,0,61,5,4,0,3,0.23,0.321,0.36,0.681,0.131,0.252,0.305,-1.8,44,1.8,3.3,100,-0.39,-7.01,6.62,1.38,0.16,1.02,0.99,-1.37,0,-0.6,0.1,95,104,92,88,87,0.027777778,0
36,117,455,498,123,70,26,3,24,65,83,32,4,129,6,4,0,0,0.27,0.324,0.499,0.823,0.229,0.324,0.351,16,73,1.7,2.7,112,-0.05,-10.42,10.37,6.69,0.32,1.08,0.52,-0.57,0,-0.4,7.1,111,103,125,147,111,-0.022088353,0
65,117,445,491,116,70,27,2,17,52,66,37,2,120,8,1,0,23,0.261,0.328,0.445,0.773,0.184,0.32,0.336,10.1,66,1.7,5.3,126,-0.14,-9.32,9.18,4.45,0.57,1.01,1.54,-1.68,-7.5,0.1,6.9,108,106,114,124,111,-0.044806517,0
71,104,386,412,119,87,29,0,3,47,47,16,0,47,7,3,0,2,0.308,0.345,0.407,0.751,0.098,0.342,0.33,6.4,54,1.7,2.3,98,-0.53,-7.96,7.43,-2.44,-0.17,1.06,-0.59,0.09,-2.8,-1.3,-3.7,126,109,102,63,117,0.077669903,0
123,121,385,451,75,43,15,2,15,50,47,52,1,116,5,2,7,5,0.195,0.297,0.361,0.658,0.166,0.234,0.294,-6,46,1.7,4.7,90,-0.46,-7.61,7.15,-1.21,-0.18,0.95,-0.86,0.37,5.6,0.6,0.5,80,94,90,107,80,-0.075388027,0
66,106,382,437,98,54,32,2,10,57,43,46,2,77,5,4,0,4,0.257,0.341,0.429,0.77,0.173,0.294,0.336,8.8,59,1.6,4.4,114,-0.58,-7.72,7.14,-2.09,-0.18,0.99,0.3,-0.89,-0.6,0,6.4,105,108,107,111,101,0.054919908,0
78,110,413,451,106,63,29,1,13,56,50,26,0,90,10,2,0,2,0.257,0.315,0.426,0.741,0.169,0.298,0.324,4.8,57,1.6,3.1,113,0.61,-7.97,8.58,3.82,0.4,1.03,0.63,-0.04,1,-1.2,7.8,106,102,109,114,103,0.019955654,0
94,101,339,414,64,32,15,1,16,51,47,69,1,105,2,4,0,2,0.189,0.326,0.381,0.707,0.192,0.216,0.316,1.8,49,1.6,3.5,104,-0.18,-6.53,6.35,2.6,0.42,0.92,0.15,-0.35,1.9,0,3.9,77,103,95,123,74,-0.053140097,0
124,110,371,403,87,54,25,0,8,42,33,30,0,66,2,0,0,8,0.235,0.295,0.367,0.662,0.132,0.266,0.293,-5.6,41,1.6,3.7,96,-0.37,-7.53,7.15,-5.19,-0.52,0.99,-0.39,0.01,2.2,-0.4,0.3,97,96,94,89,92,0.022332506,0
31,118,448,482,131,90,20,2,19,55,57,32,2,112,2,0,0,2,0.292,0.342,0.473,0.816,0.181,0.353,0.353,16.5,72,1.5,2.9,133,1.35,-8.23,9.58,16.05,1.71,1.01,1.67,-0.33,-2.6,-0.9,15.4,121,111,121,122,122,-0.033195021,0
92,111,408,441,100,60,21,1,18,54,50,27,1,97,3,2,1,6,0.245,0.295,0.434,0.729,0.189,0.278,0.316,1.9,52,1.5,3.9,108,-0.59,-9.74,9.15,-6.15,-0.69,1.15,0.16,-0.67,-2.5,-0.8,1.2,101,96,111,127,96,-0.006802721,0
113,110,358,416,74,39,22,1,12,53,44,50,0,98,4,4,0,4,0.207,0.308,0.374,0.682,0.168,0.246,0.303,-2.4,45,1.5,4.3,96,-0.51,-7.62,7.1,-5.17,-0.5,1.01,-0.02,-0.49,2.1,0,-0.1,85,98,94,108,84,-0.024038462,0
70,115,405,464,89,42,25,0,22,59,58,50,1,155,6,2,1,7,0.22,0.313,0.444,0.758,0.225,0.291,0.33,7.2,60,1.4,3.4,112,0.93,-8.35,9.27,-2.33,-0.25,1.02,0.37,0.54,-0.4,-0.6,6,90,99,111,144,100,-0.105603448,0
67,109,406,442,121,87,29,0,5,50,50,28,1,73,5,2,0,3,0.298,0.349,0.406,0.756,0.108,0.352,0.332,7.7,58,1.4,2.4,118,0.86,-6.93,7.79,9.88,1.05,0.94,0.1,0.81,-4.5,-1.5,4.6,123,113,104,73,122,0.024886878,0
74,108,407,457,107,74,18,1,14,46,52,37,2,101,9,4,0,0,0.263,0.335,0.415,0.75,0.152,0.314,0.328,6.6,59,1.4,1.6,117,0.75,-7.14,7.89,16.44,1.69,1,0.59,0.16,-1.2,-0.5,7.3,109,108,106,103,109,-0.048140044,0
83,115,438,471,128,97,19,2,10,62,57,23,1,90,2,8,0,1,0.292,0.325,0.413,0.738,0.121,0.341,0.32,3.6,58,1.4,3.3,104,1.65,-7.67,9.31,3.47,0.35,0.97,0.37,1.32,-0.7,-1.5,1.3,120,103,103,78,117,0.006369427,0
121,99,350,386,86,60,20,0,6,28,32,27,0,48,6,2,1,6,0.246,0.309,0.354,0.663,0.109,0.268,0.295,-4.6,40,1.4,3.1,87,-2.66,-7.76,5.1,-16.21,-1.69,1.03,-1.5,-1.09,-0.2,0.4,-6.1,101,98,89,70,92,0.015544041,0
82,98,357,406,92,59,24,0,9,45,62,37,1,69,5,7,0,3,0.258,0.33,0.401,0.731,0.143,0.29,0.32,3.1,50,1.3,3.1,107,1.27,-6.44,7.71,10.73,1.22,0.96,0.23,1.1,-2,0.2,1.4,106,105,100,92,99,0.022167488,0
96,107,420,455,104,62,24,0,18,50,64,28,1,112,2,5,0,4,0.248,0.295,0.433,0.728,0.186,0.292,0.314,1.3,54,1.3,3,106,0.2,-8.43,8.63,0.84,0.11,0.99,0.95,-0.75,1.1,0,4.4,102,95,111,125,101,-0.043956044,0
105,113,372,409,83,43,21,2,17,38,49,34,2,102,2,1,0,8,0.223,0.291,0.427,0.718,0.204,0.26,0.311,0.2,47,1.3,4.6,109,0.79,-7.05,7.84,3.33,0.36,0.99,0.67,0.13,2,0.9,5.9,92,94,110,138,90,-0.058679707,0
116,101,365,414,80,45,23,0,12,40,47,39,0,116,6,4,0,2,0.219,0.302,0.381,0.683,0.162,0.282,0.302,-2.8,45,1.3,2.1,98,0.22,-7.73,7.95,3.09,0.28,1.06,-0.31,0.52,-4.5,-0.8,-5.6,91,98,98,109,98,-0.099033816,0
125,110,401,437,82,41,21,3,17,57,52,30,0,120,2,4,0,11,0.204,0.261,0.399,0.66,0.195,0.243,0.286,-8.5,42,1.3,6.7,84,-0.99,-7.1,6.11,-11.72,-1.15,0.88,-0.99,-0.13,3.8,1.1,-4.4,84,83,100,125,83,-0.050343249,0
139,117,367,404,87,73,11,3,0,43,15,25,0,58,4,1,7,12,0.237,0.292,0.283,0.576,0.046,0.281,0.26,-16,30,1.3,6,64,-1.87,-7.2,5.33,-21.03,-2.19,1,-1.5,-0.37,5.2,0.8,-11.1,98,95,73,31,97,-0.002475248,0
134,109,419,447,94,57,24,2,11,44,45,20,0,110,5,3,0,8,0.224,0.266,0.37,0.636,0.146,0.276,0.278,-11.6,40,1.2,5.2,80,-0.26,-8.75,8.5,-6.75,-0.76,1.05,-0.81,0.56,2.3,0.9,-7.7,93,86,95,98,95,-0.064876957,0
131,121,437,487,107,84,18,2,3,53,31,39,1,58,4,4,3,8,0.245,0.31,0.316,0.626,0.071,0.274,0.281,-11.5,44,1.2,4.4,86,-2,-8.96,6.95,-14.98,-1.69,1.04,-1.54,-0.38,-0.1,-0.5,-7.6,101,100,81,48,95,0.036960986,0
103,116,449,485,125,88,30,0,7,51,58,29,2,55,3,4,0,1,0.278,0.324,0.392,0.716,0.114,0.302,0.313,0.9,57,1.1,1.8,99,1.43,-8.54,9.97,11.13,1.18,1.05,0,1.36,-1.8,-1.1,-2.4,115,105,100,77,104,0.068041237,0
95,104,372,417,99,72,21,0,6,44,55,26,0,68,14,4,1,4,0.266,0.334,0.371,0.705,0.105,0.308,0.314,1.3,49,1.1,2.9,94,-0.04,-7.08,7.04,3.95,0.44,0.95,-0.48,0.44,-3.1,-0.9,-6,109,106,93,67,106,0.007194245,0
142,115,425,447,86,56,20,1,9,40,34,15,1,99,4,3,0,5,0.202,0.235,0.318,0.553,0.115,0.241,0.241,-24.5,27,1.1,4.5,54,-2.75,-8.96,6.21,-30.09,-3.17,1.01,-2.17,-0.56,0,0.7,-22.9,84,76,81,78,83,-0.064876957,0
89,103,353,383,94,61,19,3,11,42,49,24,1,63,0,6,0,0,0.266,0.308,0.431,0.739,0.164,0.291,0.318,2.3,46,1,2.8,110,0.08,-7.26,7.33,-5.36,-0.62,0.99,-0.02,0.09,-5,-0.4,-0.8,110,100,110,111,101,0.031331593,0
56,116,399,452,93,46,21,0,26,49,74,47,9,89,5,1,0,1,0.233,0.321,0.481,0.802,0.248,0.235,0.341,10.9,63,0.9,1.6,118,0.56,-8.31,8.87,14.99,1.55,1.01,0.6,-0.04,-5.7,-0.2,3.9,95,102,120,159,81,0.015486726,0
137,108,371,402,86,63,15,2,6,31,29,23,1,48,4,3,1,9,0.232,0.282,0.332,0.613,0.1,0.25,0.271,-12.6,34,0.9,4.7,74,-1.1,-7.41,6.31,-7.29,-0.86,1.04,-1.14,0.08,-2.8,0.6,-14.8,95,89,83,64,86,0.014925373,0
141,115,413,462,83,63,18,2,0,57,23,44,0,67,1,3,1,15,0.201,0.278,0.254,0.532,0.053,0.238,0.245,-24.1,29,0.9,6.4,55,-3.41,-9.06,5.64,-26.06,-2.73,1.04,-2.57,-0.72,4.8,2.2,-18.3,83,90,65,36,82,0.021645022,0
128,108,423,465,102,71,23,1,7,57,44,35,0,70,0,7,0,16,0.241,0.295,0.35,0.645,0.109,0.269,0.284,-9.7,44,0.8,5.5,81,0.39,-8.31,8.7,-1.13,-0.13,1.03,-0.9,1.28,3.1,1.6,-6.7,100,95,90,73,93,0.038709677,0
60,105,403,454,111,66,36,0,9,58,46,41,1,110,5,5,0,0,0.275,0.346,0.432,0.778,0.156,0.353,0.339,10.5,63,0.7,1.7,118,0.15,-7.61,7.76,-1.68,-0.11,0.96,0.27,-0.11,-4.8,-0.5,4.2,114,112,111,105,122,-0.015418502,0
72,110,437,478,118,79,19,4,16,56,70,27,3,84,7,3,4,3,0.27,0.321,0.442,0.762,0.172,0.3,0.329,7.2,62,0.7,4.3,98,1.67,-8.63,10.31,10.55,1,1.07,0.13,1.44,1.4,-0.3,0.1,111,102,110,110,103,0.023012552,0
99,109,415,465,101,67,19,1,14,69,52,45,0,123,1,4,0,7,0.243,0.316,0.395,0.711,0.152,0.309,0.313,1.1,54,0.7,4.7,94,-1.37,-8.39,7.02,-3.21,-0.38,0.94,-1.08,-0.37,2.7,0.1,-0.4,100,101,99,99,106,-0.043010753,0
130,102,375,409,81,45,21,3,12,41,44,28,1,101,1,5,0,0,0.216,0.269,0.384,0.653,0.168,0.258,0.283,-9,38,0.7,3.3,85,-1.49,-6.81,5.32,-18.94,-1.98,0.88,-1.15,-0.55,2.8,-1.1,-4.3,88,85,96,108,89,-0.058679707,0
132,111,373,408,99,81,17,0,1,51,36,23,2,58,5,5,2,15,0.265,0.313,0.319,0.632,0.054,0.307,0.28,-9.7,37,0.7,5.1,82,0.38,-7.72,8.1,0.57,0.05,1.09,-1.17,1.51,-0.2,1,-8.2,110,101,82,36,106,0.026960784,0
40,99,382,417,112,76,22,1,13,47,60,23,0,67,8,4,0,0,0.293,0.343,0.458,0.801,0.165,0.324,0.348,12.6,60,0.6,1.8,129,1.68,-6.95,8.63,16.88,1.86,1.01,1.13,0.54,-2.1,-0.4,11.3,121,111,117,111,112,0.038369305,0
85,110,381,454,86,59,14,0,13,42,48,69,1,82,1,3,0,0,0.226,0.344,0.365,0.708,0.139,0.253,0.319,3.1,55,0.6,0.8,113,0.09,-7.7,7.79,6.35,0.71,1.02,0.53,-0.44,-4.5,-0.5,2.2,93,111,94,94,87,-0.028634361,0
126,106,348,389,83,53,24,1,5,45,44,25,1,77,7,9,0,1,0.239,0.296,0.356,0.652,0.118,0.284,0.285,-7.7,37,0.5,3.4,84,-0.81,-6.95,6.13,-5.51,-0.61,1.01,-0.7,-0.1,1,-0.2,-5.7,99,96,91,79,98,-0.005141388,0
88,97,352,406,78,44,18,0,16,44,53,44,1,133,6,4,0,1,0.222,0.315,0.409,0.724,0.188,0.3,0.318,2.5,49,0.4,1.8,106,0.6,-6.42,7.02,5.67,0.57,0.92,-0.06,0.71,-3.1,-0.6,-0.2,91,100,102,120,103,-0.13546798,0
86,102,378,438,92,63,19,4,6,53,25,53,0,90,6,1,0,6,0.243,0.345,0.362,0.707,0.119,0.304,0.318,2.8,53,0.4,5.3,90,-0.49,-7.85,7.35,-10.32,-0.98,0.98,-0.09,-0.41,-0.3,-0.1,-5.3,100,109,91,76,104,-0.01826484,0
136,112,372,420,82,59,19,0,4,37,28,35,0,58,6,3,4,8,0.22,0.296,0.304,0.599,0.083,0.249,0.271,-12.9,35,0.4,3.9,81,-0.45,-6.83,6.38,-4.84,-0.51,0.96,-1.27,0.8,1.5,0.8,-7.6,91,96,78,56,86,0.004761905,0
102,102,375,414,100,73,19,0,8,38,44,37,5,64,1,1,0,0,0.267,0.333,0.381,0.715,0.115,0.303,0.313,0.9,48,0.3,1,103,0.53,-6.77,7.3,2.82,0.27,0.95,0.29,0.26,-4.8,-0.4,-3.4,109,106,96,74,104,0.002415459,0
101,105,412,459,101,66,21,0,14,58,56,40,0,86,3,4,0,8,0.245,0.314,0.398,0.712,0.153,0.275,0.313,1,54,0.3,3.5,99,-0.33,-8.69,8.36,0.17,-0.05,1.01,-0.1,-0.23,-2,-1.2,-2.4,100,99,100,98,94,0.015250545,0
140,111,333,386,63,48,9,2,4,45,28,40,0,80,4,0,9,6,0.189,0.284,0.264,0.548,0.075,0.237,0.254,-17.2,27,0.3,5.5,58,-1.5,-6.7,5.2,-13.28,-1.41,0.96,-2.22,0.66,3.1,0,-15.8,77,90,66,48,81,-0.051813472,0
135,123,481,527,118,90,25,3,0,55,26,36,0,95,6,1,3,8,0.245,0.305,0.31,0.615,0.064,0.305,0.277,-13.9,47,0.1,4.8,75,-2.39,-9.14,6.75,-19.6,-2.01,0.92,-2.16,-0.45,-0.8,-0.1,-16.6,100,97,77,41,104,-0.022770398,0
80,108,385,411,104,71,18,2,13,47,60,20,0,98,4,2,0,3,0.27,0.311,0.429,0.74,0.158,0.33,0.322,3.8,51,0,4.2,93,-0.81,-8.02,7.21,-3.56,-0.49,1.07,-1.19,0.43,-1.1,0.2,-4.6,111,99,107,102,113,-0.04379562,0
127,102,354,383,84,56,20,1,7,42,39,24,0,73,2,3,0,1,0.237,0.287,0.359,0.646,0.121,0.278,0.284,-7.9,36,0,2.9,84,0.4,-7.39,7.8,-10.69,-1.17,1.12,-1.16,1.52,-1.5,-0.5,-8.6,98,93,92,82,96,-0.007832898,0
120,112,416,448,103,62,34,0,7,46,36,25,0,58,5,2,0,8,0.248,0.297,0.38,0.677,0.132,0.272,0.297,-4.7,47,-0.2,4.3,94,-1.62,-7.79,6.17,-12.06,-1.35,0.94,-0.57,-1.15,0.3,1.2,-2.9,102,96,97,89,94,0.064732143,0
122,112,411,452,97,64,18,0,15,37,49,27,1,106,4,5,0,1,0.236,0.286,0.389,0.676,0.153,0.278,0.294,-5.8,46,-0.2,1.6,90,1,-8.07,9.08,-3.6,-0.41,1.03,-0.49,1.46,-2.6,-0.2,-7.8,97,91,97,98,95,-0.079646018,0
133,117,421,451,91,56,18,2,15,40,44,26,4,137,4,0,0,2,0.216,0.268,0.375,0.644,0.159,0.283,0.279,-11.3,40,-0.5,3.2,78,-1.73,-8.18,6.46,-11.99,-1.32,0.94,-1.17,-0.66,-0.8,-0.3,-11.9,89,87,96,107,98,-0.137472284,0
109,122,476,508,127,89,26,0,12,52,59,27,0,120,3,2,0,7,0.267,0.309,0.397,0.706,0.13,0.332,0.309,-0.3,58,-0.6,3.5,97,-1.09,-9.22,8.13,-8.27,-0.82,0.96,-0.56,-0.57,-2.7,0.5,-4.8,109,98,99,84,114,-0.059055118,0
117,101,373,407,88,54,21,3,10,39,35,30,0,97,3,1,0,2,0.236,0.297,0.389,0.686,0.153,0.292,0.301,-2.9,44,-0.6,3.5,93,-1.17,-7.84,6.67,-8.61,-0.93,1.02,-0.47,-0.69,-7.6,-1.2,-10.7,98,96,100,103,101,-0.058968059,0
119,110,399,450,94,68,16,0,10,46,60,44,1,107,3,2,0,4,0.236,0.315,0.351,0.666,0.115,0.296,0.297,-4.6,47,-0.6,3.2,88,1.01,-7.85,8.85,6.09,0.64,1.05,-0.43,1.39,-2.9,0.3,-9.1,96,100,88,74,101,-0.077777778,0
138,103,371,388,85,61,15,0,9,31,39,12,0,75,2,3,0,1,0.229,0.255,0.342,0.597,0.113,0.262,0.261,-15.2,29,-0.8,2,64,-2,-7.32,5.32,-22.53,-2.35,0.93,-2.8,0.65,-3.7,-0.1,-20.3,94,81,86,73,90,-0.051546392,0
107,91,322,376,66,36,18,1,11,31,41,44,0,97,10,0,0,0,0.205,0.319,0.37,0.689,0.165,0.257,0.31,-0.1,43,-0.9,1.5,91,-0.75,-6.67,5.92,-0.79,-0.02,0.95,-0.75,-0.03,-4.1,-0.4,-8,84,101,92,106,88,-0.095744681,0
129,108,417,450,89,55,14,0,20,50,46,27,0,109,2,4,0,2,0.213,0.262,0.391,0.653,0.177,0.236,0.284,-9.4,42,-1.1,2.6,77,-2.17,-8.64,6.47,-27.28,-2.79,0.92,-1.9,-0.47,-2.3,-0.3,-14.3,87,83,98,114,81,-0.055555556,0